<assembly xmlns="http://maven.apache.org/plugins/maven-assembly-plugin/assembly/1.1.3"
		  xmlns:xsi="http://www.w3.org/2001/XMLSchema-instance"
		  xsi:schemaLocation="http://maven.apache.org/plugins/maven-assembly-plugin/assembly/1.1.3 http://maven.apache.org/xsd/assembly-1.1.3.xsd">
	<id>contracts</id>
	<formats>
		<format>jar</format>
	</formats>
	<includeBaseDirectory>false</includeBaseDirectory>
	
	<fileSets>
		<fileSet>
			<!-- Directory from which the JAR will be built -->
			<directory>${project.basedir}/src/main/resources/contracts/</directory>
			<!-- Inside the JAR we want all the assembled resources to be put under `/` folder -->
			<outputDirectory>/</outputDirectory>
			<useDefaultExcludes>true</useDefaultExcludes>

			<!-- We want to exclude any target directories and maven binaries -->
			<excludes>
				<exclude>**/${project.build.directory}/**</exclude>
				<exclude>**/mvnw</exclude>
				<exclude>**/mvnw.cmd</exclude>
				<exclude>**/.mvn/**</exclude>
				<exclude>**/src/assembly/**</exclude>
				<exclude>**/src/test/**</exclude>
				<exclude>**/target/**</exclude>
			</excludes>
		</fileSet>
	</fileSets>
</assembly>
